N,Area,RelativeError,Run
100,1.0478,0.10935,0
100,0.9633,0.0198862,1
100,0.8281,0.123256,2
100,0.9126,0.0337921,3
100,0.9295,0.0158993,4
100,0.8957,0.0516848,5
100,0.8112,0.141149,6
100,0.9126,0.0337921,7
100,0.9971,0.0556716,8
100,0.8112,0.141149,9
600,1.00273,0.0616359,0
600,0.932317,0.0129172,1
600,0.932317,0.0129172,2
600,1.014,0.0735644,3
600,0.966117,0.0228683,4
600,0.9126,0.0337921,5
600,0.98865,0.0467253,6
600,1.03372,0.0944392,7
600,0.98865,0.0467253,8
600,0.890067,0.0576491,9
1100,0.966373,0.0231394,0
1100,0.927964,0.0175259,1
1100,0.944864,0.000366802,2
1100,0.9464,0.00199341,3
1100,0.934109,0.0110195,4
1100,0.917209,0.0289122,5
1100,0.9295,0.0158993,6
1100,0.906455,0.0402985,7
1100,0.970982,0.0280192,8
1100,0.917209,0.0289122,9
1600,0.940062,0.00471636,0
1600,0.905206,0.0416201,1
1600,0.93795,0.00695296,2
1600,0.969637,0.0265959,3
1600,0.953794,0.00982149,4
1600,0.947456,0.00311171,5
1600,0.926331,0.0192542,6
1600,0.953794,0.00982149,7
1600,0.947456,0.00311171,8
1600,0.948512,0.00423001,9
2100,0.915014,0.031236,0
2100,0.913405,0.03294,1
2100,0.9633,0.0198862,2
2100,0.986638,0.0445952,3
2100,0.945595,0.00114138,4
2100,0.950424,0.00625359,5
2100,0.950424,0.00625359,6
2100,0.96491,0.0215902,7
2100,0.957667,0.0139219,8
2100,0.955252,0.0113658,9
2600,0.93405,0.011082,0
2600,0.93795,0.00695296,1
2600,0.94965,0.00543433,2
2600,0.97435,0.0315853,3
2600,0.9347,0.0103939,4
2600,0.95745,0.0136925,5
2600,0.92105,0.0248457,6
2600,0.93015,0.0152111,7
2600,0.9308,0.014523,8
2600,0.923,0.0227811,9
3100,0.936042,0.0089731,0
3100,0.94749,0.00314778,1
3100,0.923503,0.0222484,2
3100,0.961665,0.0181546,3
3100,0.949126,0.00487934,4
3100,0.951852,0.00776527,5
3100,0.934952,0.0101275,6
3100,0.951852,0.00776527,7
3100,0.945855,0.00141623,8
3100,0.935497,0.00955029,9
3600,0.944992,0.000502353,0
3600,0.946869,0.00249043,1
3600,0.9464,0.00199341,2
3600,0.913069,0.033295,3
3600,0.930439,0.0149053,4
3600,0.929969,0.0154023,5
3600,0.945931,0.00149639,6
3600,0.939358,0.00546189,7
3600,0.983486,0.041258,8
3600,0.944522,5.33217e-06,9
4100,0.939805,0.00498912,0
4100,0.948049,0.00373905,1
4100,0.971132,0.0281779,2
4100,0.957941,0.0142128,3
4100,0.937332,0.00760757,4
4100,0.957529,0.0137764,5
4100,0.96701,0.0238138,6
4100,0.956705,0.0129036,7
4100,0.947637,0.00330264,8
4100,0.938568,0.00629834,9
4600,0.947502,0.00316033,0
4600,0.93942,0.00539707,1
4600,0.939052,0.00578604,2
4600,0.950809,0.00666109,3
4600,0.949339,0.0051052,4
4600,0.943828,0.000729394,5
4600,0.939787,0.00500809,6
4600,0.947135,0.00277136,7
4600,0.96477,0.021442,8
4600,0.956687,0.0128846,9
5100,0.944743,0.000239224,0
5100,0.935133,0.00993508,1
5100,0.947063,0.00269509,2
5100,0.93182,0.0134435,3
5100,0.922541,0.0232669,4
5100,0.955016,0.0111152,5
5100,0.956673,0.0128694,6
5100,0.945075,0.000590062,7
5100,0.940435,0.00432167,8
5100,0.949382,0.00515096,9
5600,0.961187,0.0176496,0
5600,0.953341,0.00934222,1
5600,0.939157,0.0056749,2
5600,0.935234,0.00982857,3
5600,0.938554,0.00631393,4
5600,0.949116,0.00486903,5
5600,0.93795,0.00695296,6
5600,0.963904,0.0205252,7
5600,0.947004,0.00263244,8
5600,0.931311,0.0139822,9
6100,0.956651,0.0128464,0
6100,0.945015,0.000526796,1
6100,0.948062,0.00375336,2
6100,0.953049,0.00903318,3
6100,0.954711,0.0107931,4
6100,0.945292,0.00082012,5
6100,0.948893,0.00463333,6
6100,0.956374,0.0125531,7
6100,0.935595,0.00944621,8
6100,0.937811,0.00709962,9
6600,0.950241,0.00605995,0
6600,0.934621,0.0104773,1
6600,0.946912,0.00253562,2
6600,0.95613,0.0122953,3
6600,0.960739,0.0171751,4
6600,0.965348,0.022055,5
6600,0.942559,0.00207312,6
6600,0.947424,0.00307782,7
6600,0.939742,0.00505524,8
6600,0.948192,0.00389113,9
7100,0.934975,0.0101031,0
7100,0.945686,0.00123738,1
7100,0.928786,0.0166554,2
7100,0.958777,0.015098,3
7100,0.974487,0.0317306,4
7100,0.9464,0.00199341,5
7100,0.944972,0.000481352,6
7100,0.946162,0.0017414,7
7100,0.933785,0.0113631,8
7100,0.934737,0.0103551,9
7600,0.939729,0.00506951,0
7600,0.944843,0.000345399,1
7600,0.939729,0.00506951,2
7600,0.940174,0.00459865,3
7600,0.945288,0.00081626,4
7600,0.948624,0.00434772,5
7600,0.935504,0.00954269,6
7600,0.940618,0.00412779,7
7600,0.953071,0.00905634,8
7600,0.948846,0.00458315,9
8100,0.952451,0.00839946,0
8100,0.940141,0.00463353,1
8100,0.947026,0.00265611,2
8100,0.940975,0.00374993,3
8100,0.932004,0.0132485,4
8100,0.938472,0.00640071,5
8100,0.943062,0.00154095,6
8100,0.944522,5.33217e-06,7
8100,0.935133,0.00993508,8
8100,0.968516,0.0254086,9
8600,0.957601,0.0138526,0
8600,0.943452,0.00112741,1
8600,0.945417,0.000953139,2
8600,0.970571,0.0275842,3
8600,0.951706,0.0076109,4
8600,0.948955,0.00469813,5
8600,0.931465,0.0138188,6
8600,0.944828,0.000328973,7
8600,0.945417,0.000953139,8
8600,0.951116,0.00698674,9
9100,0.953829,0.00985835,0
9100,0.946586,0.00219004,1
9100,0.944729,0.000223803,2
9100,0.950486,0.00631913,3
9100,0.9451,0.00061705,4
9100,0.936557,0.00842763,5
9100,0.9425,0.00213568,6
9100,0.944171,0.000366068,7
9100,0.9464,0.00199341,8
9100,0.932286,0.01295,9
9600,0.931965,0.01329,0
9600,0.945344,0.000875118,1
9600,0.943935,0.000615944,2
9600,0.930204,0.0151538,3
9600,0.941823,0.00285254,4
9600,0.932493,0.0127308,5
9600,0.946224,0.00180703,6
9600,0.947456,0.00311171,7
9600,0.938654,0.00620742,8
9600,0.941647,0.00303892,9
10100,0.93954,0.00526997,0
10100,0.941213,0.00349842,1
10100,0.927827,0.0176709,2
10100,0.95644,0.0126228,3
10100,0.939038,0.00580144,4
10100,0.939707,0.00509282,5
10100,0.940209,0.00456135,6
10100,0.938703,0.00615575,7
10100,0.947571,0.00323351,8
10100,0.945061,0.000576168,9
10600,0.931892,0.0133673,0
10600,0.943052,0.00155137,1
10600,0.933645,0.0115105,2
10600,0.937791,0.00712175,3
10600,0.950705,0.006551,4
10600,0.953256,0.00925179,5
10600,0.939704,0.00509616,6
10600,0.955647,0.0117838,7
10600,0.945125,0.000643019,8
10600,0.945762,0.00131822,9
11100,0.94975,0.00553972,0
11100,0.931632,0.0136426,1
11100,0.943812,0.000746915,2
11100,0.943355,0.0012305,3
11100,0.939244,0.00558279,4
11100,0.944725,0.00022026,5
11100,0.941985,0.00268127,6
11100,0.947923,0.00360537,7
11100,0.938026,0.00687236,8
11100,0.955231,0.0113428,9
11600,0.936639,0.00834119,0
11600,0.946837,0.00245616,1
11600,0.947128,0.00276465,2
11600,0.949168,0.00492412,3
11600,0.943923,0.000628797,4
11600,0.926149,0.019447,5
11600,0.938678,0.00618172,6
11600,0.947274,0.0029189,7
11600,0.951645,0.00754633,8
11600,0.938824,0.00602747,9
12100,0.934249,0.0108716,0
12100,0.93788,0.00702689,1
12100,0.95045,0.00628176,2
12100,0.943048,0.00155556,3
12100,0.949612,0.00539451,4
12100,0.955898,0.0120488,5
12100,0.931874,0.0133855,6
12100,0.953383,0.00938711,7
12100,0.943327,0.00125981,8
12100,0.94207,0.00259068,9
12600,0.93795,0.00695296,0
12600,0.938889,0.00595891,1
12600,0.944656,0.000147338,2
12600,0.939157,0.0056749,3
12600,0.943852,0.000704697,4
12600,0.946937,0.00256144,5
12600,0.955252,0.0113658,6
12600,0.941974,0.00269278,7
12600,0.953509,0.00951973,8
12600,0.945998,0.0015674,9
13100,0.936982,0.00797735,0
13100,0.952076,0.00800319,1
13100,0.940079,0.00469929,2
13100,0.940337,0.00442612,3
13100,0.959043,0.0153788,4
13100,0.948206,0.00390562,5
13100,0.93337,0.0118018,6
13100,0.94124,0.00347002,7
13100,0.933757,0.011392,8
13100,0.95685,0.0130569,9
13600,0.950501,0.00633503,0
13600,0.957087,0.0133079,1
13600,0.948761,0.00449314,2
13600,0.950004,0.00580878,3
13600,0.940808,0.00392698,4
13600,0.938944,0.00590044,5
13600,0.949507,0.00528252,6
13600,0.942921,0.00169038,7
13600,0.949631,0.00541409,8
13600,0.943666,0.000900999,9
14100,0.956109,0.0122722,0
14100,0.934654,0.0104427,1
14100,0.939209,0.00562052,2
14100,0.943763,0.000798361,3
14100,0.951194,0.00706937,4
14100,0.941246,0.00346324,5
14100,0.943523,0.00105216,6
14100,0.952153,0.00808456,7
14100,0.948557,0.00427759,8
14100,0.938849,0.00600121,9
14600,0.942349,0.00229594,0
14600,0.949757,0.00554745,1
14600,0.936214,0.00879125,2
14600,0.937718,0.00719806,3
14600,0.94941,0.00517979,4
14600,0.951956,0.00787596,5
14600,0.943043,0.00156062,6
14600,0.94721,0.00285129,7
14600,0.935288,0.00977167,8
14600,0.944316,0.00021254,9
15100,0.937782,0.0071307,0
15100,0.936327,0.00867113,1
15100,0.935879,0.00914511,2
15100,0.941028,0.00369434,3
15100,0.938566,0.00630123,4
15100,0.94931,0.00507428,5
15100,0.944721,0.00021599,6
15100,0.939461,0.00535327,7
15100,0.949758,0.00554826,8
15100,0.94931,0.00507428,9
15600,0.952358,0.00830175,0
15600,0.941092,0.00362674,1
15600,0.945967,0.00153463,2
15600,0.94185,0.00282386,3
15600,0.946508,0.00210811,4
15600,0.94445,7.11325e-05,5
15600,0.932642,0.0125731,6
15600,0.935242,0.00982038,7
15600,0.945967,0.00153463,8
15600,0.946292,0.00187872,9
16100,0.943251,0.00134064,0
16100,0.942726,0.00189631,1
16100,0.932649,0.0125653,2
16100,0.943776,0.000784961,3
16100,0.951648,0.00755017,4
16100,0.948394,0.00410498,5
16100,0.950389,0.00621655,6
16100,0.94619,0.00177114,7
16100,0.943356,0.0012295,8
16100,0.951229,0.00710563,9
16600,0.939273,0.00555172,0
16600,0.94752,0.00317908,1
16600,0.944567,5.32378e-05,2
16600,0.943957,0.000593488,3
16600,0.951694,0.00759837,4
16600,0.943142,0.00145579,5
16600,0.941513,0.00318039,6
16600,0.936423,0.00856977,7
16600,0.950574,0.00641271,8
16600,0.943549,0.00102464,9
17100,0.942644,0.00198275,0
17100,0.955888,0.0120385,1
17100,0.945708,0.00126096,2
17100,0.945708,0.00126096,3
17100,0.942249,0.00240129,4
17100,0.943929,0.000622483,5
17100,0.945115,0.000633148,6
17100,0.945906,0.00147023,7
17100,0.945906,0.00147023,8
17100,0.946202,0.00178414,9
17600,0.940159,0.0046147,0
17600,0.94784,0.00351836,1
17600,0.958883,0.0152096,2
17600,0.948224,0.00392502,3
17600,0.936702,0.00827458,4
17600,0.941023,0.00369973,5
17600,0.954754,0.0108381,6
17600,0.937662,0.00725795,7
17600,0.941599,0.00308975,8
17600,0.93987,0.00491969,9
18100,0.958351,0.0146468,0
18100,0.944252,0.000280249,1
18100,0.943039,0.00156536,2
18100,0.956857,0.0130652,3
18100,0.939304,0.00551956,4
18100,0.950882,0.00673845,5
18100,0.938557,0.0063104,6
18100,0.948174,0.00387166,7
18100,0.945186,0.0007083,8
18100,0.943412,0.00116994,9
18600,0.944946,0.000454254,0
18600,0.955849,0.011998,1
18600,0.944765,0.000261859,2
18600,0.943129,0.0014697,3
18600,0.946582,0.00218581,4
18600,0.935042,0.0100313,5
18600,0.943129,0.0014697,6
18600,0.955304,0.0114208,7
18600,0.951761,0.00766907,8
18600,0.941312,0.00339365,9
19100,0.954186,0.0102372,0
19100,0.947196,0.00283653,1
19100,0.95162,0.00752049,2
19100,0.93826,0.00662508,3
19100,0.935959,0.00906074,4
19100,0.941003,0.00372102,5
19100,0.95109,0.00695842,6
19100,0.942949,0.00166008,7
19100,0.947108,0.00274285,8
19100,0.950028,0.00583426,9
19600,0.945365,0.00089794,0
19600,0.939933,0.0048533,1
19600,0.946659,0.00226728,2
19600,0.939588,0.00521846,3
19600,0.949504,0.00527984,4
19600,0.941313,0.00339267,5
19600,0.95166,0.00756207,6
19600,0.947435,0.00308889,7
19600,0.958471,0.0147739,8
19600,0.940537,0.00421427,9
20100,0.944466,5.40136e-05,0
20100,0.945811,0.00137028,1
20100,0.954808,0.0108953,2
20100,0.945307,0.000836172,3
20100,0.934881,0.0102021,4
20100,0.945811,0.00137028,5
20100,0.952201,0.0081357,6
20100,0.935133,0.00993508,7
20100,0.945139,0.000658135,8
20100,0.952622,0.00858079,9
20600,0.939755,0.00504208,0
20600,0.94599,0.00155912,1
20600,0.952635,0.00859462,2
20600,0.950666,0.00651003,3
20600,0.948287,0.00399115,4
20600,0.957639,0.013893,5
20600,0.955014,0.0111135,6
20600,0.926465,0.0191131,7
20600,0.943939,0.000612324,8
20600,0.944759,0.000256255,9
21100,0.940153,0.00462096,0
21100,0.949364,0.005131,1
21100,0.948482,0.00419821,2
21100,0.950965,0.006827,3
21100,0.943917,0.000635377,4
21100,0.94656,0.00216301,5
21100,0.941194,0.00351857,6
21100,0.939272,0.00555376,7
21100,0.935107,0.00996335,8
21100,0.949684,0.0054702,9
21600,0.955241,0.011354,0
21600,0.947182,0.00282178,1
21600,0.943349,0.00123722,2
21600,0.947808,0.00348448,3
21600,0.937324,0.00761565,4
21600,0.944522,5.33217e-06,5
21600,0.94108,0.00363949,6
21600,0.956258,0.0124308,7
21600,0.936933,0.00802983,8
21600,0.94061,0.00413651,9
22100,0.938524,0.00634574,0
22100,0.944106,0.000435464,1
22100,0.940665,0.00407878,2
22100,0.944335,0.000192576,3
22100,0.948388,0.00409844,4
22100,0.960547,0.0169715,5
22100,0.948847,0.00458422,6
22100,0.951141,0.0070131,7
22100,0.947012,0.00264112,8
22100,0.9412,0.00351204,9
22600,0.951186,0.00706038,0
22600,0.951635,0.00753541,1
22600,0.943932,0.000619242,2
22600,0.941315,0.00339024,3
22600,0.945951,0.00151839,4
22600,0.934286,0.0108324,5
22600,0.937202,0.00774467,6
22600,0.946624,0.00223093,7
22600,0.950288,0.00611033,8
22600,0.94797,0.00365601,9
23100,0.945449,0.000986464,0
23100,0.956496,0.0126826,1
23100,0.954667,0.0107461,2
23100,0.944205,0.000330318,3
23100,0.943839,0.000717607,4
23100,0.939596,0.00521016,5
23100,0.946985,0.00261308,6
23100,0.941132,0.00358354,7
23100,0.942449,0.0021893,8
23100,0.951082,0.00695071,9
23600,0.938236,0.00664969,0
23600,0.93795,0.00695296,1
23600,0.947259,0.00290321,2
23600,0.944896,0.000401264,3
23600,0.937091,0.00786276,4
23600,0.948262,0.00396465,5
23600,0.939096,0.00573989,6
23600,0.939812,0.00498172,7
23600,0.938165,0.00672551,8
23600,0.947331,0.00297903,9
24100,0.936723,0.00825222,0
24100,0.934759,0.010331,1
24100,0.952992,0.00897233,2
24100,0.937985,0.00691583,3
24100,0.944857,0.000360052,4
24100,0.944787,0.000285808,5
24100,0.948153,0.00384951,6
24100,0.941281,0.00342638,7
24100,0.956638,0.012833,8
24100,0.949415,0.00518589,9
24600,0.948255,0.00395725,0
24600,0.946331,0.00192068,1
24600,0.950385,0.00621203,2
24600,0.936507,0.00848038,3
24600,0.944683,0.000175046,4
24600,0.948873,0.00461186,5
24600,0.948598,0.00432093,6
24600,0.945576,0.0011206,7
24600,0.947637,0.00330264,8
24600,0.947843,0.00352084,9
25100,0.9464,0.00199341,0
25100,0.947949,0.00363299,1
25100,0.935964,0.00905589,2
25100,0.947881,0.0035617,3
25100,0.942697,0.00192731,4
25100,0.951517,0.00741114,5
25100,0.944245,0.000287732,6
25100,0.949363,0.00512999,7
25100,0.944717,0.000211269,8
25100,0.941148,0.00356688,9
25600,0.949173,0.00492894,0
25600,0.948446,0.00416011,1
25600,0.942175,0.00247977,2
25600,0.94805,0.00374075,3
25600,0.942307,0.00233998,4
25600,0.951483,0.00737521,5
25600,0.943891,0.000662539,6
25600,0.942175,0.00247977,7
25600,0.933461,0.0117057,8
25600,0.949305,0.00506873,9
26100,0.942256,0.00239408,0
26100,0.945558,0.00110221,1
26100,0.949055,0.00480415,2
26100,0.943875,0.000680213,3
26100,0.947371,0.00302173,4
26100,0.941867,0.0028054,5
26100,0.944846,0.000348105,6
26100,0.937529,0.00739856,7
26100,0.947695,0.00336451,8
26100,0.945558,0.00110221,9
26600,0.946654,0.00226248,0
26600,0.947734,0.003406,1
26600,0.948814,0.00454952,2
26600,0.947671,0.00333873,3
26600,0.951102,0.00697109,4
26600,0.945002,0.000513564,5
26600,0.947417,0.00306967,6
26600,0.945193,0.000715362,7
26600,0.941317,0.00338786,8
26600,0.948242,0.00394413,9
27100,0.948084,0.00377609,0
27100,0.940351,0.004411,1
27100,0.947523,0.00318186,2
27100,0.944529,1.26683e-05,3
27100,0.944592,7.86931e-05,4
27100,0.94534,0.000870992,5
27100,0.944841,0.000342793,6
27100,0.944841,0.000342793,7
27100,0.944217,0.000317456,8
27100,0.943968,0.000581556,9
27600,0.940522,0.00423015,0
27600,0.948421,0.00413276,1
27600,0.945237,0.000761668,2
27600,0.936419,0.00857367,3
27600,0.952462,0.00841146,4
27600,0.940032,0.00474878,5
27600,0.948114,0.00380862,6
27600,0.953136,0.00912458,7
27600,0.944686,0.000178209,8
27600,0.941257,0.0034522,9
28100,0.943633,0.000935646,0
28100,0.93786,0.00704847,1
28100,0.941348,0.0033553,2
28100,0.945919,0.00148401,3
28100,0.940205,0.00456513,4
28100,0.951031,0.00689641,5
28100,0.951211,0.00708743,6
28100,0.952535,0.00848829,7
28100,0.949106,0.0048588,8
28100,0.941829,0.0028459,9
28600,0.934995,0.0100811,0
28600,0.949,0.00474614,1
28600,0.945573,0.00111755,2
28600,0.943859,0.000696753,3
28600,0.945218,0.000742174,4
28600,0.94055,0.00420023,5
28600,0.943268,0.00132237,6
28600,0.940491,0.00426279,7
28600,0.943505,0.00107212,8
28600,0.940018,0.00476328,9
29100,0.94216,0.00249514,0
29100,0.952382,0.00832658,1
29100,0.944251,0.000281608,2
29100,0.949826,0.00562115,3
29100,0.946807,0.00242382,4
29100,0.946458,0.0020549,5
29100,0.947039,0.00266977,6
29100,0.940128,0.00464719,7
29100,0.940012,0.00477016,8
29100,0.936643,0.00833641,9
29600,0.945372,0.000905342,0
29600,0.942974,0.00163349,1
29600,0.952281,0.0082196,2
29600,0.949198,0.00495539,3
29600,0.944801,0.000300858,4
29600,0.949769,0.00555987,5
29600,0.944801,0.000300858,6
29600,0.944116,0.000424523,7
29600,0.946571,0.00217476,8
29600,0.955193,0.0113025,9
30100,0.942021,0.00264324,0
30100,0.946456,0.00205286,1
30100,0.947298,0.00294452,2
30100,0.944323,0.000206025,3
30100,0.948646,0.00437119,4
30100,0.940898,0.00383213,5
30100,0.943873,0.00068158,6
30100,0.938708,0.00615046,7
30100,0.946456,0.00205286,8
30100,0.952239,0.00817562,9
30600,0.947891,0.00357219,0
30600,0.940546,0.00420472,1
30600,0.951592,0.00748988,2
30600,0.943031,0.00157344,3
30600,0.938281,0.00660212,4
30600,0.939883,0.0049064,5
30600,0.947394,0.00304593,6
30600,0.937674,0.00724532,7
30600,0.941871,0.00280137,8
30600,0.94629,0.00187647,9
31100,0.942596,0.00203389,0
31100,0.943248,0.0013435,1
31100,0.9439,0.0006531,2
31100,0.946074,0.00164822,3
31100,0.946346,0.00193588,4
31100,0.950965,0.00682618,5
31100,0.941835,0.00283935,6
31100,0.949878,0.00567552,7
31100,0.9489,0.00463993,8
31100,0.954388,0.0104508,9
31600,0.960198,0.016602,0
31600,0.945116,0.000634472,1
31600,0.938752,0.00610362,2
31600,0.944796,0.000294737,3
31600,0.951053,0.00691958,4
31600,0.941212,0.00349898,5
31600,0.943833,0.00072447,6
31600,0.951962,0.00788216,7
31600,0.945865,0.00142719,8
31600,0.939875,0.00491454,9
32100,0.944189,0.000347692,0
32100,0.947874,0.00355415,1
32100,0.952244,0.00818062,2
32100,0.946084,0.00165897,3
32100,0.947506,0.00316397,4
32100,0.946084,0.00165897,5
32100,0.945136,0.000655639,6
32100,0.940556,0.00419379,7
32100,0.938924,0.00592175,8
32100,0.944189,0.000347692,9
32600,0.946711,0.00232273,0
32600,0.937172,0.00777624,1
32600,0.946037,0.00160921,2
32600,0.94837,0.00407907,3
32600,0.941734,0.0029463,4
32600,0.942927,0.00168393,5
32600,0.942875,0.00173881,6
32600,0.940179,0.00459287,7
32600,0.945052,0.000566386,8
32600,0.94583,0.00138967,9
33100,0.943285,0.00130404,0
33100,0.947472,0.0031286,1
33100,0.948289,0.00399351,2
33100,0.940988,0.00373659,3
33100,0.942673,0.00195272,4
33100,0.949668,0.00545304,5
33100,0.949463,0.00523681,6
33100,0.942928,0.00168244,7
33100,0.944613,0.000101433,8
33100,0.939814,0.00497989,9
33600,0.938352,0.00652694,0
33600,0.942728,0.001894,1
33600,0.949871,0.00566782,2
33600,0.949368,0.00513529,3
33600,0.93966,0.00514238,4
33600,0.94132,0.00338506,5
33600,0.937045,0.0079115,6
33600,0.941722,0.00295904,7
33600,0.934932,0.0101481,8
33600,0.942125,0.00253302,9
34100,0.941295,0.00341114,0
34100,0.946995,0.00262307,1
34100,0.952595,0.00855234,2
34100,0.944418,0.000105441,3
34100,0.937083,0.0078712,4
34100,0.945657,0.00120634,5
34100,0.946846,0.00246566,6
34100,0.949027,0.0047744,7
34100,0.939016,0.00582482,8
34100,0.941196,0.00351608,9
34600,0.943176,0.00141965,0
34600,0.946253,0.00183827,1
34600,0.94176,0.00291933,2
34600,0.944935,0.000442021,3
34600,0.946156,0.00173485,4
34600,0.936338,0.00865949,5
34600,0.936875,0.00809064,6
34600,0.936485,0.00850435,7
34600,0.945912,0.00147628,8
34600,0.948891,0.00463078,9
35100,0.944956,0.00046412,0
35100,0.952996,0.00897719,1
35100,0.948374,0.00408345,2
35100,0.94587,0.00143267,3
35100,0.947074,0.00270708,4
35100,0.940381,0.00437864,5
35100,0.942741,0.0018808,6
35100,0.935615,0.00942531,7
35100,0.935374,0.0096802,8
35100,0.9438,0.000759315,9
35600,0.943409,0.001173,0
35600,0.948299,0.00400383,1
35600,0.946637,0.00224472,2
35600,0.945451,0.000988204,3
35600,0.946637,0.00224472,4
35600,0.949913,0.00571269,5
35600,0.945213,0.000736902,6
35600,0.944359,0.000167787,7
35600,0.941036,0.00368602,8
35600,0.945498,0.00103846,9
36100,0.942748,0.00187261,0
36100,0.938395,0.00648209,1
36100,0.93802,0.00687861,2
36100,0.942046,0.00261607,3
36100,0.94846,0.00417425,4
36100,0.941297,0.0034091,5
36100,0.938488,0.00638297,6
36100,0.942514,0.00212043,7
36100,0.946587,0.00219167,8
36100,0.945698,0.00124995,9
36600,0.947139,0.00277561,0
36600,0.947185,0.0028245,1
36600,0.947,0.00262895,2
36600,0.942244,0.00240644,3
36600,0.939705,0.00509524,4
36600,0.946585,0.00218896,5
36600,0.952033,0.00795766,6
36600,0.94326,0.00133092,7
36600,0.939012,0.00582855,8
36600,0.947231,0.00287339,9
37100,0.952367,0.00831134,0
37100,0.938929,0.00591604,1
37100,0.94681,0.00242747,2
37100,0.940023,0.00475856,3
37100,0.950044,0.00585169,4
37100,0.941298,0.00340817,5
37100,0.94558,0.0011253,6
37100,0.944487,3.21788e-05,7
37100,0.940569,0.00417982,8
37100,0.93483,0.0102566,9
37600,0.941366,0.00333634,0
37600,0.947074,0.00270722,1
37600,0.943074,0.00152803,2
37600,0.949142,0.00489623,3
37600,0.943344,0.00124251,4
37600,0.945007,0.000518215,5
37600,0.949501,0.00527692,6
37600,0.945186,0.000708563,7
37600,0.946535,0.00213618,8
37600,0.944872,0.000375454,9
38100,0.947997,0.00368407,0
38100,0.942142,0.00251499,1
38100,0.946932,0.00255697,2
38100,0.949416,0.00518687,3
38100,0.940013,0.0047692,4
38100,0.940811,0.00392387,5
38100,0.940501,0.00425261,6
38100,0.947864,0.00354318,7
38100,0.933891,0.01125,8
38100,0.942319,0.00232714,9
38600,0.940183,0.00458889,0
38600,0.950165,0.00597988,1
38600,0.943423,0.00115867,2
38600,0.944517,1.81694e-07,3
38600,0.95161,0.00750957,4
38600,0.939482,0.00533056,5
38600,0.943029,0.00157586,6
38600,0.950472,0.00630436,7
38600,0.939876,0.00491337,8
38600,0.942635,0.00199305,9
39100,0.942726,0.00189631,0
39100,0.939441,0.00537418,1
39100,0.946314,0.00190189,2
39100,0.946184,0.00176461,3
39100,0.946659,0.00226798,4
39100,0.939355,0.00546571,5
39100,0.945276,0.000803616,6
39100,0.946097,0.00167308,7
39100,0.947567,0.00322897,8
39100,0.943029,0.00157598,9
39600,0.944266,0.00026577,0
39600,0.940596,0.00415157,1
39600,0.944223,0.000310954,2
39600,0.945674,0.00122529,3
39600,0.944266,0.00026577,4
39600,0.947894,0.00357484,5
39600,0.945077,0.00059272,6
39600,0.954082,0.0101265,7
39600,0.934194,0.0109291,8
39600,0.9531,0.00908725,9
40100,0.942523,0.00211165,0
40100,0.941975,0.00269172,1
40100,0.945009,0.000520945,2
40100,0.932745,0.0124636,3
40100,0.939109,0.0057259,4
40100,0.940078,0.00469963,5
40100,0.951415,0.00730323,6
40100,0.947791,0.00346588,7
40100,0.938393,0.00648444,8
40100,0.949687,0.0054738,9
40600,0.950438,0.00626828,0
40600,0.954683,0.0107635,1
40600,0.943112,0.00148818,2
40600,0.941197,0.00351543,3
40600,0.934037,0.0110956,4
40600,0.94461,9.83705e-05,5
40600,0.944111,0.000430479,6
40600,0.938533,0.00633596,7
40600,0.94844,0.00415288,8
40600,0.943736,0.000827116,9
41100,0.943234,0.00135875,0
41100,0.943727,0.000836338,1
41100,0.945865,0.00142746,2
41100,0.944262,0.000270387,3
41100,0.946606,0.00221109,4
41100,0.939369,0.00545101,5
41100,0.947921,0.0036042,6
41100,0.942535,0.00209884,7
41100,0.942329,0.00231652,8
41100,0.941877,0.0027954,9
41600,0.942906,0.00170557,0
41600,0.942906,0.00170557,1
41600,0.935837,0.00918955,2
41600,0.947741,0.00341279,3
41600,0.935391,0.00966267,4
41600,0.945872,0.00143427,5
41600,0.934172,0.010953,6
41600,0.941078,0.00364108,7
41600,0.941647,0.00303892,8
41600,0.945181,0.000703073,9
42100,0.942908,0.00170414,0
42100,0.945075,0.000590896,1
42100,0.947283,0.00292843,2
42100,0.947163,0.00280093,3
42100,0.951619,0.00751849,4
42100,0.945958,0.00152591,5
42100,0.941222,0.00348916,6
42100,0.942065,0.00259665,7
42100,0.944594,8.08887e-05,8
42100,0.950294,0.00611597,9
42600,0.940767,0.00397083,0
42600,0.943385,0.00119872,1
42600,0.947431,0.00308546,2
42600,0.947947,0.00363148,3
42600,0.941917,0.00275278,4
42600,0.947828,0.00350548,5
42600,0.941401,0.0032988,6
42600,0.946083,0.0016574,7
42600,0.940172,0.00460086,8
42600,0.944853,0.000355347,9
43100,0.943067,0.00153532,0
43100,0.931029,0.0142803,1
43100,0.954634,0.0107115,2
43100,0.941224,0.0034865,3
43100,0.949733,0.00552214,4
43100,0.941969,0.00269772,5
43100,0.938675,0.00618494,6
43100,0.944949,0.000457379,7
43100,0.945694,0.00124615,8
43100,0.947263,0.00290673,9
43600,0.945198,0.000721224,0
43600,0.942253,0.00239769,1
43600,0.948028,0.00371703,2
43600,0.943299,0.00128966,3
43600,0.943803,0.000756158,4
43600,0.944268,0.000263697,5
43600,0.938338,0.00654257,6
43600,0.940547,0.00420338,7
43600,0.946826,0.00244484,8
43600,0.941128,0.00358781,9
44100,0.946362,0.00195284,0
44100,0.936015,0.0090019,1
44100,0.94502,0.000532783,2
44100,0.943258,0.00133358,3
44100,0.945059,0.000573356,4
44100,0.948278,0.0039815,5
44100,0.944446,7.5814e-05,6
44100,0.945174,0.000695075,7
44100,0.938161,0.0067298,8
44100,0.937471,0.00746012,9
44600,0.942346,0.00229924,0
44600,0.945453,0.000990458,1
44600,0.949583,0.00536335,2
44600,0.945832,0.00139164,3
44600,0.95053,0.0063663,4
44600,0.941209,0.00350279,5
44600,0.946286,0.00187306,6
44600,0.940337,0.00442551,7
44600,0.943899,0.00065439,8
44600,0.943065,0.00153699,9
45100,0.950222,0.00604011,0
45100,0.950297,0.00611946,1
45100,0.944264,0.000267974,2
45100,0.940592,0.00415598,3
45100,0.946925,0.00254884,4
45100,0.947112,0.00274721,5
45100,0.9461,0.00167603,6
45100,0.944189,0.000347321,7
45100,0.946363,0.00195374,8
45100,0.94239,0.00225165,9
45600,0.945288,0.00081626,0
45600,0.937542,0.00738458,1
45600,0.943546,0.00102795,2
45600,0.950996,0.00685898,3
45600,0.94577,0.00132636,4
45600,0.940507,0.0042455,5
45600,0.942212,0.00244053,6
45600,0.932168,0.0130742,7
45600,0.941063,0.00365692,8
45600,0.946104,0.00167951,9
46100,0.94585,0.00141122,0
46100,0.94508,0.000596151,1
46100,0.940571,0.00417783,2
46100,0.94475,0.000246835,3
46100,0.939875,0.00491528,4
46100,0.944457,6.36685e-05,5
46100,0.947353,0.00300255,6
46100,0.939948,0.00483765,7
46100,0.943797,0.0007623,8
46100,0.950139,0.00595233,9
46600,0.948612,0.0043356,0
46600,0.94125,0.00345888,1
46600,0.937043,0.00791287,2
46600,0.946364,0.00195502,3
46600,0.946908,0.00253096,4
46600,0.945203,0.000726332,5
46600,0.936935,0.00802806,6
46600,0.949773,0.00556428,7
46600,0.94582,0.00137907,8
46600,0.943608,0.000963111,9
47100,0.953612,0.00962917,0
47100,0.942525,0.00210938,1
47100,0.945324,0.000853749,2
47100,0.941269,0.00343899,3
47100,0.947799,0.00347498,4
47100,0.945646,0.00119565,5
47100,0.940946,0.00378089,6
47100,0.944104,0.000437871,7
47100,0.946077,0.00165151,8
47100,0.944068,0.00047586,9
47600,0.946933,0.00255726,0
47600,0.938412,0.00646429,1
47600,0.945299,0.000828131,2
47600,0.945406,0.0009409,3
47600,0.949169,0.00492542,4
47600,0.945477,0.00101608,5
47600,0.942743,0.00187833,6
47600,0.937595,0.00732885,7
47600,0.937169,0.00777993,8
47600,0.945867,0.00142957,9
48100,0.933295,0.0118818,0
48100,0.944186,0.000350125,1
48100,0.945276,0.000803045,2
48100,0.946822,0.0024398,3
48100,0.945768,0.00132383,4
48100,0.946119,0.00169582,5
48100,0.942886,0.00172649,6
48100,0.945522,0.00106344,7
48100,0.941411,0.00328885,8
48100,0.938741,0.00611598,9
48600,0.942818,0.00179867,0
48600,0.945844,0.00140435,1
48600,0.946713,0.00232476,2
48600,0.943862,0.000694178,3
48600,0.949738,0.00552778,4
48600,0.941984,0.00268226,5
48600,0.94101,0.00371312,6
48600,0.949356,0.0051228,7
48600,0.951094,0.00696362,8
48600,0.949947,0.00574868,9
49100,0.947914,0.00359684,0
49100,0.942235,0.002416,1
49100,0.949911,0.00571044,2
49100,0.935076,0.00999581,3
49100,0.947777,0.00345107,4
49100,0.942752,0.00186938,5
49100,0.945471,0.0010095,6
49100,0.945505,0.00104594,7
49100,0.943612,0.000958341,8
49100,0.949945,0.00574688,9
49600,0.940982,0.00374236,0
49600,0.940097,0.00468029,1
49600,0.941528,0.00316518,2
49600,0.946161,0.0017409,3
49600,0.940028,0.00475244,4
49600,0.943538,0.00103681,5
49600,0.939517,0.00529355,6
49600,0.939347,0.00547392,7
49600,0.940267,0.00449992,8
49600,0.940267,0.00449992,9
50100,0.946602,0.0022077,0
50100,0.94134,0.00336369,1
50100,0.939384,0.00543511,2
50100,0.94694,0.00256484,3
50100,0.942926,0.00168513,4
50100,0.944309,0.000220857,5
50100,0.941475,0.00322084,6
50100,0.940227,0.00454226,7
50100,0.938945,0.00589939,8
50100,0.945725,0.00127913,9
50600,0.953748,0.00977287,0
50600,0.945665,0.00121547,1
50600,0.940722,0.00401798,2
50600,0.950007,0.00581242,3
50600,0.940288,0.00447768,4
50600,0.943895,0.000658672,5
50600,0.945632,0.00118011,6
50600,0.943594,0.000976922,7
50600,0.940154,0.00461912,8
50600,0.945832,0.00139227,9
51100,0.944912,0.000417733,0
51100,0.943556,0.00101789,1
51100,0.946168,0.00174831,2
51100,0.946367,0.0019584,3
51100,0.944746,0.000242657,4
51100,0.945011,0.000522778,5
51100,0.947128,0.00276375,6
51100,0.948318,0.00402429,7
51100,0.946665,0.00227354,8
51100,0.936214,0.00879125,9
51600,0.947317,0.00296434,0
51600,0.942503,0.00213301,1
51600,0.939293,0.00553125,2
51600,0.945548,0.00109184,3
51600,0.940767,0.00397083,4
51600,0.944042,0.000503247,5
51600,0.950199,0.00601581,6
51600,0.943059,0.00154352,7
51600,0.949773,0.00556503,8
51600,0.940963,0.00376278,9
52100,0.945784,0.0013409,0
52100,0.948963,0.00470652,1
52100,0.952077,0.00800345,2
52100,0.9452,0.000722721,3
52100,0.946984,0.00261159,4
52100,0.948022,0.00371057,5
52100,0.942507,0.00212775,6
52100,0.943643,0.000925747,7
52100,0.942637,0.00199038,8
52100,0.945686,0.00123787,9
52600,0.943862,0.000693898,0
52600,0.9455,0.00104095,1
52600,0.945693,0.00124505,2
52600,0.948681,0.00440859,3
52600,0.9473,0.00294588,4
52600,0.941677,0.00300703,5
52600,0.942448,0.00219063,6
52600,0.947107,0.00274178,7
52600,0.933356,0.0118173,8
52600,0.944601,8.84839e-05,9
53100,0.945222,0.000746651,0
53100,0.942772,0.00184796,1
53100,0.945986,0.00155536,2
53100,0.941053,0.00366757,3
53100,0.944586,7.27248e-05,4
53100,0.939303,0.00552086,5
53100,0.942835,0.00178057,6
53100,0.93978,0.00501542,7
53100,0.939844,0.00494803,8
53100,0.946082,0.00165645,9
53600,0.940977,0.00374829,0
53600,0.946558,0.00216032,1
53600,0.957026,0.0132431,2
53600,0.94599,0.00155945,3
53600,0.947913,0.00359575,4
53600,0.9429,0.00171199,5
53600,0.941071,0.00364814,6
53600,0.942679,0.00194566,7
53600,0.942049,0.0026133,8
53600,0.94804,0.00372928,9
54100,0.943151,0.00144623,0
54100,0.941058,0.00366215,1
54100,0.941558,0.00313297,2
54100,0.938622,0.00624188,3
54100,0.943745,0.000817829,4
54100,0.945119,0.000637403,5
54100,0.947056,0.00268796,6
54100,0.945213,0.000736623,7
54100,0.941808,0.00286838,8
54100,0.936154,0.00885468,9
54600,0.942067,0.00259447,0
54600,0.94021,0.0045607,1
54600,0.940829,0.00390529,2
54600,0.946214,0.00179679,3
54600,0.94541,0.000944756,4
54600,0.945688,0.00123969,5
54600,0.94089,0.00383975,6
54600,0.941974,0.00269278,7
54600,0.948721,0.00445121,8
54600,0.940117,0.00465901,9
55100,0.94502,0.00053212,0
55100,0.941891,0.00278015,1
55100,0.938885,0.00596252,2
55100,0.94913,0.00488353,3
55100,0.945296,0.000824379,4
55100,0.946615,0.00222073,5
55100,0.945725,0.001279,6
55100,0.949989,0.00579278,7
55100,0.944038,0.000507023,8
55100,0.946185,0.0017661,9
55600,0.9495,0.0052759,0
55600,0.941658,0.00302685,1
55600,0.941415,0.0032843,2
55600,0.940625,0.00412101,3
55600,0.942357,0.00228668,4
55600,0.945701,0.00125325,5
55600,0.941324,0.00338084,6
55600,0.94409,0.000452356,7
55600,0.946066,0.00163942,8
55600,0.940838,0.00389574,9
56100,0.949894,0.00569316,0
56100,0.939863,0.00492766,1
56100,0.942484,0.00215285,2
56100,0.939562,0.00524661,3
56100,0.9367,0.00827657,4
56100,0.942815,0.00180202,5
56100,0.944683,0.000175435,6
56100,0.938507,0.00636291,7
56100,0.942213,0.0024399,8
56100,0.945767,0.00132363,9
56600,0.94631,0.00189858,0
56600,0.945654,0.0012031,1
56600,0.945056,0.000570847,2
56600,0.939413,0.00540394,3
56600,0.938935,0.00590974,4
56600,0.94007,0.00470846,5
56600,0.935681,0.00935551,6
56600,0.946609,0.0022147,7
56600,0.946101,0.00167729,8
56600,0.937771,0.00714263,9
57100,0.942375,0.00226825,0
57100,0.945956,0.00152338,1
57100,0.943026,0.00157887,2
57100,0.945305,0.00083399,3
57100,0.9427,0.00192356,4
57100,0.948945,0.00468829,5
57100,0.942286,0.00236226,6
57100,0.945127,0.000645975,7
57100,0.937343,0.00759534,8
57100,0.943707,0.000858143,9
57600,0.946899,0.0025215,0
57600,0.938684,0.00617636,1
57600,0.939916,0.00487168,2
57600,0.946283,0.00186916,3
57600,0.947896,0.00357767,4
57600,0.949774,0.00556575,5
57600,0.946899,0.0025215,6
57600,0.943437,0.00114403,7
57600,0.942997,0.00160998,8
57600,0.942234,0.00241764,9
58100,0.947825,0.00350244,0
58100,0.945993,0.00156226,1
58100,0.940175,0.00459703,2
58100,0.94288,0.00173296,3
58100,0.941339,0.00336517,4
58100,0.942939,0.00167136,5
58100,0.948233,0.00393359,6
58100,0.941251,0.00345756,7
58100,0.948872,0.00461111,8
58100,0.945731,0.0012851,9
58600,0.93645,0.00854071,0
58600,0.940517,0.00423546,1
58600,0.944497,2.18089e-05,2
58600,0.938267,0.00661708,3
58600,0.94242,0.00222023,4
58600,0.939998,0.00478506,5
58600,0.947582,0.0032453,6
58600,0.939536,0.0052736,7
58600,0.945073,0.000588865,8
58600,0.944554,3.92585e-05,9
59100,0.941596,0.00309285,0
59100,0.949174,0.00493012,1
59100,0.940938,0.00378918,2
59100,0.939394,0.00542405,3
59100,0.944398,0.000125861,4
59100,0.948659,0.00438517,5
59100,0.942625,0.00200293,6
59100,0.944598,8.60665e-05,7
59100,0.948087,0.00377966,8
59100,0.948716,0.00444572,9
59600,0.948413,0.00412493,0
59600,0.942856,0.00175926,1
59600,0.939368,0.00545189,2
59600,0.942203,0.00244975,3
59600,0.943451,0.00112881,4
59600,0.944642,0.000132089,5
59600,0.945691,0.00124288,6
59600,0.949689,0.00547589,7
59600,0.946372,0.00196339,8
59600,0.947109,0.00274395,9
60100,0.94415,0.000388315,0
60100,0.938611,0.00625332,1
60100,0.940776,0.00396091,2
60100,0.940129,0.00464566,3
60100,0.946063,0.00163615,4
60100,0.946766,0.00238045,5
60100,0.94221,0.00244256,6
60100,0.945444,0.000981179,7
60100,0.943222,0.00137078,8
60100,0.936896,0.00806939,9
60600,0.946233,0.00181626,0
60600,0.942607,0.00202212,1
60600,0.945842,0.00140289,2
60600,0.946372,0.00196389,3
60600,0.947822,0.00349924,4
60600,0.947767,0.00344019,5
60600,0.945089,0.000605694,6
60600,0.947069,0.00270204,7
60600,0.945145,0.000664746,8
60600,0.945006,0.000517116,9
61100,0.943883,0.000671462,0
61100,0.943081,0.00152071,1
61100,0.943191,0.00140357,2
61100,0.948696,0.00442402,3
61100,0.9464,0.00199341,4
61100,0.938987,0.00585479,5
61100,0.941587,0.00310206,6
61100,0.947894,0.00357477,7
61100,0.941311,0.00339491,8
61100,0.938489,0.00638191,9
61600,0.942202,0.00245072,0
61600,0.947278,0.00292291,1
61600,0.943547,0.00102744,2
61600,0.937182,0.00776626,3
61600,0.945934,0.00149962,4
61600,0.943245,0.00134695,5
61600,0.947717,0.00338765,6
61600,0.938334,0.0065463,7
61600,0.94533,0.000860595,8
61600,0.948787,0.00452047,9
62100,0.944413,0.000109919,0
62100,0.950863,0.00671871,1
62100,0.949121,0.00487469,2
62100,0.943352,0.00123362,3
62100,0.945284,0.00081209,4
62100,0.944849,0.000351086,5
62100,0.950591,0.00643058,6
62100,0.950019,0.00582551,7
62100,0.944305,0.00022517,8
62100,0.940712,0.00402846,9
62600,0.944456,6.45365e-05,0
62600,0.945806,0.0013646,1
62600,0.94451,7.37123e-06,2
62600,0.944051,0.000493276,3
62600,0.947048,0.0026794,4
62600,0.947642,0.00330822,5
62600,0.941217,0.00349445,6
62600,0.944132,0.000407528,7
62600,0.948398,0.00410853,8
62600,0.940947,0.00378028,9
63100,0.946186,0.00176657,0
63100,0.943909,0.000643709,1
63100,0.950792,0.00664383,2
63100,0.945784,0.00134122,3
63100,0.940829,0.00390467,4
63100,0.945436,0.000972592,5
63100,0.946641,0.00224862,6
63100,0.948114,0.00380821,7
63100,0.936544,0.00844165,8
63100,0.945355,0.000887524,9
63600,0.942706,0.00191711,0
63600,0.949429,0.0052006,1
63600,0.949987,0.0057914,2
63600,0.938774,0.00608083,3
63600,0.937737,0.00717802,4
63600,0.944806,0.00030542,5
63600,0.945603,0.00114942,6
63600,0.94345,0.00112938,7
63600,0.943158,0.00143884,8
63600,0.942334,0.00231097,9
64100,0.941918,0.00275193,0
64100,0.943632,0.000937534,1
64100,0.945583,0.00112809,2
64100,0.948298,0.00400321,3
64100,0.946637,0.00224464,4
64100,0.944686,0.000179018,5
64100,0.942234,0.00241696,6
64100,0.939044,0.00579453,7
64100,0.943869,0.00068631,8
64100,0.947639,0.00330536,9
64600,0.945118,0.000636225,0
64600,0.946557,0.0021596,1
64600,0.947446,0.00310132,2
64600,0.942554,0.00207815,3
64600,0.943627,0.000942546,4
64600,0.942764,0.00185657,5
64600,0.942136,0.00252132,6
64600,0.938918,0.00592814,7
64600,0.939493,0.00531879,8
64600,0.948388,0.00409844,9
65100,0.939598,0.00520766,0
65100,0.943726,0.000837541,1
65100,0.94357,0.00100245,2
65100,0.943752,0.000810056,3
65100,0.945414,0.000948984,4
65100,0.944998,0.000509224,5
65100,0.942117,0.00254161,6
65100,0.944816,0.000316829,7
65100,0.944661,0.000151919,8
65100,0.942869,0.00174455,9
65600,0.944932,0.00043871,0
65600,0.947405,0.00305716,1
65600,0.945292,0.000820567,2
65600,0.947379,0.00302988,3
65600,0.941608,0.00307983,4
65600,0.941995,0.0026707,5
65600,0.94774,0.00341174,6
65600,0.941866,0.00280708,7
65600,0.939985,0.00479819,8
65600,0.940062,0.00471636,9
66100,0.951053,0.00692001,0
66100,0.94594,0.00150617,1
66100,0.947346,0.00299497,2
66100,0.950261,0.00608086,3
66100,0.948624,0.00434843,4
66100,0.940264,0.00450319,5
66100,0.946426,0.00202048,6
66100,0.945122,0.000639954,7
66100,0.939267,0.00555889,8
66100,0.946681,0.00229118,9
66600,0.944243,0.000290194,0
66600,0.948303,0.00400836,1
66600,0.943101,0.00149916,2
66600,0.942949,0.00166036,3
66600,0.94706,0.00269193,4
66600,0.951856,0.0077696,5
66600,0.945537,0.00107997,6
66600,0.947897,0.00357851,7
66600,0.945283,0.000811311,8
66600,0.946349,0.00193968,9
67100,0.942849,0.00176646,0
67100,0.942874,0.0017398,1
67100,0.945644,0.00119344,2
67100,0.945745,0.0013001,3
67100,0.952923,0.00889985,4
67100,0.944838,0.000340136,5
67100,0.948037,0.00372669,6
67100,0.946148,0.00172676,7
67100,0.94509,0.000606794,8
67100,0.948163,0.00386002,9
67600,0.949425,0.00519611,0
67600,0.9494,0.00516964,1
67600,0.9463,0.00188754,2
67600,0.94175,0.00292974,3
67600,0.94295,0.00165925,4
67600,0.94785,0.00352859,5
67600,0.95015,0.0059637,6
67600,0.94185,0.00282386,7
67600,0.948175,0.00387268,8
67600,0.943775,0.000785783,9
68100,0.944539,2.28483e-05,0
68100,0.943372,0.00121204,1
68100,0.950147,0.00596082,2
68100,0.940121,0.00465396,3
68100,0.946201,0.00178322,4
68100,0.941213,0.0034979,5
68100,0.949676,0.00546161,6
68100,0.944042,0.000502636,7
68100,0.947864,0.00354359,8
68100,0.948336,0.0040428,9
68600,0.942163,0.00249281,0
68600,0.94571,0.0012631,1
68600,0.945267,0.00079361,2
68600,0.942631,0.00199724,3
68600,0.945538,0.00108052,4
68600,0.944897,0.000402369,5
68600,0.938369,0.00650955,6
68600,0.941793,0.00288405,7
68600,0.94778,0.00345405,8
68600,0.939921,0.00486634,9
69100,0.945006,0.000517458,0
69100,0.951756,0.0076642,1
69100,0.943465,0.00111386,2
69100,0.946155,0.00173447,3
69100,0.945251,0.000776397,4
69100,0.943587,0.000984393,5
69100,0.942536,0.00209783,6
69100,0.94349,0.00108797,7
69100,0.950313,0.00613645,8
69100,0.942756,0.00186479,9
69600,0.935036,0.0100379,0
69600,0.943559,0.00101442,1
69600,0.948124,0.00381868,2
69600,0.943001,0.0016057,3
69600,0.946813,0.00243045,4
69600,0.938436,0.0064388,5
69600,0.943122,0.00147716,6
69600,0.942733,0.00188849,7
69600,0.947663,0.00333023,8
69600,0.940597,0.00415079,9
70100,0.937552,0.00737411,0
70100,0.946448,0.00204446,1
70100,0.94059,0.00415801,2
70100,0.94153,0.00316255,3
70100,0.949317,0.00508189,4
70100,0.939433,0.00538319,5
70100,0.943338,0.00124821,6
70100,0.939987,0.00479613,7
70100,0.93977,0.00502585,8
70100,0.941747,0.00293283,9
70600,0.946711,0.00232288,0
70600,0.943647,0.000921125,1
70600,0.946998,0.00262701,2
70600,0.947549,0.00320992,3
70600,0.948171,0.00386886,4
70600,0.948866,0.00460383,5
70600,0.943527,0.00104784,6
70600,0.943144,0.00145335,7
70600,0.947645,0.00331129,8
70600,0.943504,0.00107319,9
71100,0.94583,0.00138944,0
71100,0.945901,0.00146494,1
71100,0.94369,0.000875464,2
71100,0.937082,0.0078715,3
71100,0.94621,0.00179209,4
71100,0.940838,0.00389534,5
71100,0.943714,0.000850298,6
71100,0.943976,0.000573477,7
71100,0.942145,0.00251123,8
71100,0.947042,0.00267289,9
71600,0.948996,0.0047423,0
71600,0.945975,0.0015436,1
71600,0.947462,0.00311796,2
71600,0.946612,0.00221832,3
71600,0.944583,6.91951e-05,4
71600,0.944701,0.000194144,5
71600,0.944134,0.000405612,6
71600,0.944748,0.000244124,7
71600,0.953788,0.00981524,8
71600,0.945716,0.00126871,9
72100,0.944595,8.25392e-05,0
72100,0.944384,0.00014081,1
72100,0.942415,0.0022254,2
72100,0.944947,0.000454788,3
72100,0.948439,0.00415246,4
72100,0.944736,0.000231439,5
72100,0.945486,0.00102557,6
72100,0.940939,0.00378884,7
72100,0.948931,0.0046736,8
72100,0.943869,0.000686774,9
72600,0.945981,0.00154979,0
72600,0.945865,0.00142656,1
72600,0.943234,0.00135839,2
72600,0.941907,0.0027632,3
72600,0.947098,0.00273278,4
72600,0.940837,0.0038969,5
72600,0.941558,0.00313288,6
72600,0.946121,0.00169767,7
72600,0.944608,9.56995e-05,8
72600,0.942443,0.00219635,9
73100,0.950284,0.00610556,0
73100,0.951625,0.00752523,1
73100,0.945059,0.000573744,2
73100,0.949937,0.00573841,3
73100,0.951186,0.00706017,4
73100,0.941637,0.00304886,5
73100,0.945706,0.0012591,6
73100,0.943973,0.000576678,7
73100,0.947001,0.00262982,8
73100,0.939025,0.00581477,9
73600,0.946928,0.00255256,0
73600,0.944265,0.000267489,1
73600,0.944517,7.02309e-08,2
73600,0.946676,0.00228514,3
73600,0.938616,0.00624794,4
73600,0.949431,0.00520244,5
73600,0.947318,0.00296585,6
73600,0.946997,0.00262549,7
73600,0.951658,0.00756058,8
73600,0.945321,0.000850807,9
74100,0.945579,0.00112413,0
74100,0.940926,0.0038018,1
74100,0.947654,0.00332149,2
74100,0.940128,0.00464694,3
74100,0.945647,0.00119657,4
74100,0.948065,0.00375613,5
74100,0.947495,0.00315246,6
74100,0.944712,0.000206555,7
74100,0.944347,0.000179793,8
74100,0.942568,0.00206324,9
74600,0.947465,0.0031207,0
74600,0.946038,0.00160966,1
74600,0.94495,0.00045838,2
74600,0.946808,0.00242514,3
74600,0.937905,0.00700093,4
74600,0.942775,0.00184417,5
74600,0.946468,0.00206537,6
74600,0.94683,0.00244913,7
74600,0.943931,0.00062094,8
74600,0.945471,0.00101003,9
75100,0.943947,0.000603535,0
75100,0.941629,0.00305753,1
75100,0.944802,0.000301824,2
75100,0.942147,0.00250955,3
75100,0.941809,0.00286693,4
75100,0.952611,0.00856917,5
75100,0.941674,0.00300988,6
75100,0.9455,0.00104041,7
75100,0.944352,0.000174681,8
75100,0.944847,0.000349474,9
75600,0.943695,0.000870371,0
75600,0.941415,0.00328447,1
75600,0.948032,0.00372115,2
75600,0.94251,0.00212476,3
75600,0.947719,0.00338981,4
75600,0.95324,0.00923571,5
75600,0.94213,0.00252711,6
75600,0.95333,0.00933038,7
75600,0.943092,0.0015094,8
75600,0.94137,0.00333181,9
76100,0.941314,0.00339087,0
76100,0.946333,0.00192288,1
76100,0.942292,0.00235633,2
76100,0.94147,0.00322628,3
76100,0.944868,0.000371077,4
76100,0.940026,0.00475457,5
76100,0.941203,0.00350843,6
76100,0.946844,0.00246366,7
76100,0.947644,0.00331009,8
76100,0.940137,0.00463701,9
76600,0.947459,0.00311463,0
76600,0.943444,0.00113665,1
76600,0.945275,0.000802122,2
76600,0.946179,0.00175983,3
76600,0.943444,0.00113665,4
76600,0.947128,0.00276425,5
76600,0.939627,0.0051777,6
76600,0.94084,0.00389297,7
76600,0.946907,0.00253066,8
76600,0.944569,5.46449e-05,9
77100,0.942564,0.00206784,0
77100,0.942257,0.00239274,1
77100,0.942608,0.00202143,2
77100,0.945173,0.000693812,3
77100,0.945238,0.000763434,4
77100,0.942235,0.00241595,5
77100,0.943507,0.00106993,6
77100,0.942718,0.00190539,7
77100,0.941972,0.00269444,8
77100,0.948329,0.00403565,9
77600,0.943787,0.000773504,0
77600,0.94481,0.000310206,1
77600,0.943917,0.000635158,2
77600,0.947293,0.00293878,3
77600,0.941173,0.00354042,4
77600,0.945006,0.000517724,5
77600,0.941456,0.00324067,6
77600,0.946988,0.00261597,7
77600,0.941086,0.00363265,8
77600,0.944549,3.35137e-05,9
78100,0.945599,0.00114574,0
78100,0.941142,0.00357372,1
78100,0.943003,0.00160346,2
78100,0.94389,0.00066415,3
78100,0.94138,0.00332171,4
78100,0.941531,0.00316134,5
78100,0.936511,0.00847647,6
78100,0.947785,0.00345966,7
78100,0.946227,0.00181013,8
78100,0.940168,0.00460468,9
78600,0.942831,0.00178546,0
78600,0.954377,0.010439,1
78600,0.944465,5.53726e-05,2
78600,0.940036,0.00474482,3
78600,0.950614,0.00645522,4
78600,0.942702,0.00192205,5
78600,0.940595,0.00415295,6
78600,0.939498,0.00531393,7
78600,0.944809,0.000308856,8
78600,0.947282,0.00292675,9
79100,0.946827,0.00244582,0
79100,0.947255,0.00289823,1
79100,0.941892,0.00277949,2
79100,0.944798,0.000296884,3
79100,0.950566,0.00640439,4
79100,0.946485,0.0020839,5
79100,0.943409,0.00117344,6
79100,0.943708,0.000856757,7
79100,0.942447,0.00219136,8
79100,0.944328,0.000200765,9
79600,0.945508,0.00104933,0
79600,0.942578,0.00205268,1
79600,0.951644,0.00754556,2
79600,0.946591,0.00219572,3
79600,0.944956,0.000464889,4
79600,0.951708,0.00761299,5
79600,0.944723,0.000217627,6
79600,0.946846,0.00246546,7
79600,0.946166,0.00174615,8
79600,0.946888,0.00251042,9
80100,0.945746,0.00130094,0
80100,0.941758,0.00292095,1
80100,0.946674,0.00228381,2
80100,0.947982,0.00366876,3
80100,0.943826,0.000731822,4
80100,0.945788,0.00134561,5
80100,0.93834,0.0065397,6
80100,0.941336,0.00336771,7
80100,0.944058,0.000486104,8
80100,0.940598,0.00414954,9
80600,0.951516,0.00741007,0
80600,0.94575,0.00130523,1
80600,0.945415,0.000950041,2
80600,0.945058,0.000572651,3
80600,0.940487,0.00426682,4
80600,0.940885,0.00384504,5
80600,0.941074,0.00364524,6
80600,0.951935,0.00785406,7
80600,0.941955,0.00271286,8
80600,0.94424,0.000293127,9
81100,0.942774,0.00184547,0
81100,0.940294,0.00447092,1
81100,0.945942,0.00150804,2
81100,0.94267,0.00195578,3
81100,0.94765,0.00331717,4
81100,0.947671,0.00333923,5
81100,0.947234,0.00287592,6
81100,0.941149,0.00356635,7
81100,0.943837,0.000720281,8
81100,0.93819,0.00669924,9
81600,0.947187,0.00282665,0
81600,0.941885,0.00278675,1
81600,0.948471,0.00418615,2
81600,0.946172,0.00175221,3
81600,0.945468,0.00100668,4
81600,0.943583,0.000988709,5
81600,0.943542,0.00103256,6
81600,0.94,0.00478215,7
81600,0.942009,0.00265519,8
81600,0.945882,0.00144523,9
82100,0.944197,0.000338526,0
82100,0.943045,0.00155898,1
82100,0.940636,0.00410886,2
82100,0.943251,0.00134104,3
82100,0.941316,0.00338966,4
82100,0.944197,0.000338526,5
82100,0.944239,0.000294938,6
82100,0.942345,0.00229997,7
82100,0.947903,0.00358436,8
82100,0.945865,0.00142677,9
82600,0.950185,0.00600087,0
82600,0.945827,0.00138688,1
82600,0.942779,0.00184074,2
82600,0.946912,0.00253496,3
82600,0.946482,0.00208006,4
82600,0.947239,0.00288155,5
82600,0.944559,4.38422e-05,6
82600,0.945111,0.000628714,7
82600,0.94327,0.00132086,8
82600,0.946461,0.0020584,9
83100,0.943085,0.00151623,0
83100,0.945546,0.00108909,1
83100,0.944712,0.000206294,2
83100,0.938835,0.00601633,3
83100,0.93914,0.00569336,4
83100,0.945485,0.00102449,5
83100,0.949939,0.00573991,6
83100,0.946319,0.00190729,7
83100,0.942292,0.00235596,8
83100,0.942577,0.00205452,9
83600,0.94266,0.0019661,0
83600,0.948765,0.00449754,1
83600,0.943833,0.000724741,2
83600,0.941932,0.0027366,3
83600,0.940901,0.00382815,4
83600,0.942842,0.00177348,5
83600,0.942721,0.00190189,6
83600,0.946077,0.00165097,7
83600,0.94547,0.00100889,8
83600,0.947653,0.00332039,9
84100,0.946681,0.00229127,0
84100,0.943567,0.00100644,1
84100,0.941236,0.0034744,2
84100,0.944933,0.000440299,3
84100,0.945737,0.00129132,4
84100,0.944109,0.000431999,5
84100,0.945234,0.000759432,6
84100,0.945174,0.000695606,7
84100,0.947787,0.00346143,8
84100,0.942381,0.0022617,9
84600,0.943823,0.000734911,0
84600,0.944103,0.000438814,1
84600,0.941246,0.00346324,2
84600,0.94606,0.00163387,3
84600,0.947339,0.00298746,4
84600,0.94654,0.00214146,5
84600,0.946979,0.00260676,6
84600,0.943404,0.00117906,7
84600,0.945161,0.000682126,8
84600,0.947938,0.00362195,9
85100,0.940859,0.00387271,0
85100,0.940045,0.00473476,1
85100,0.939449,0.00536553,2
85100,0.946837,0.00245598,3
85100,0.945824,0.00138367,4
85100,0.942984,0.00162298,5
85100,0.942865,0.00174913,6
85100,0.943381,0.00120247,7
85100,0.944871,0.000374447,8
85100,0.944017,0.000529651,9
85600,0.946045,0.00161717,0
85600,0.951138,0.00701007,1
85600,0.942274,0.00237526,2
85600,0.94792,0.00360292,3
85600,0.943439,0.001142,4
85600,0.946755,0.00236966,5
85600,0.943616,0.000953871,6
85600,0.943715,0.000849357,7
85600,0.945709,0.00126182,8
85600,0.945808,0.00136633,9
86100,0.946655,0.00226357,0
86100,0.944594,8.15304e-05,1
86100,0.941591,0.00309802,2
86100,0.942906,0.00170567,3
86100,0.947146,0.00278311,4
86100,0.943927,0.000625035,5
86100,0.93688,0.00808554,6
86100,0.942357,0.00228754,7
86100,0.944653,0.000143874,8
86100,0.945144,0.000663408,9
86600,0.946283,0.00186945,0
86600,0.94558,0.00112564,1
86600,0.94277,0.0018496,2
86600,0.943551,0.00102314,3
86600,0.947512,0.00317111,4
86600,0.943082,0.00151902,5
86600,0.941736,0.00294465,6
86600,0.941092,0.00362648,7
86600,0.943922,0.000630579,8
86600,0.94156,0.0031306,9
87100,0.939881,0.00490895,0
87100,0.94609,0.00166473,1
87100,0.94737,0.00302055,2
87100,0.943431,0.00114963,3
87100,0.948224,0.00392443,4
87100,0.947428,0.00308218,5
87100,0.940269,0.0044981,6
87100,0.941607,0.00308065,7
87100,0.944925,0.000432165,8
87100,0.945391,0.000925191,9
87600,0.945242,0.000767884,0
87600,0.945821,0.00138065,1
87600,0.943757,0.000804879,2
87600,0.945358,0.000890437,3
87600,0.947577,0.00323937,4
87600,0.944471,4.91358e-05,5
87600,0.940284,0.00448147,6
87600,0.947808,0.00348448,7
87600,0.943718,0.00084573,8
87600,0.943583,0.000988709,9
88100,0.946055,0.00162784,0
88100,0.944865,0.000368648,1
88100,0.939801,0.00499308,2
88100,0.943331,0.00125612,3
88100,0.942544,0.00208881,4
88100,0.943292,0.00129674,5
88100,0.949546,0.00532419,6
88100,0.943139,0.00145921,7
88100,0.944558,4.36947e-05,8
88100,0.946553,0.00215589,9
88600,0.938007,0.00689237,0
88600,0.945618,0.00116542,1
88600,0.948422,0.00413408,2
88600,0.946591,0.00219536,3
88600,0.945084,0.000599962,4
88600,0.94537,0.000902886,5
88600,0.940735,0.00400449,6
88600,0.945141,0.000660547,7
88600,0.947258,0.00290219,8
88600,0.945637,0.00118562,9
89100,0.947671,0.00333888,0
89100,0.946552,0.00215407,1
89100,0.947747,0.00341921,2
89100,0.95247,0.00841954,3
89100,0.944826,0.000326638,4
89100,0.943346,0.00123973,5
89100,0.94181,0.00286634,6
89100,0.940179,0.00459336,7
89100,0.943764,0.000797933,8
89100,0.939667,0.00513557,9
89600,0.947136,0.00277223,0
89600,0.945608,0.00115469,1
89600,0.943458,0.00112184,2
89600,0.944533,1.64264e-05,3
89600,0.944174,0.000362996,4
89600,0.943194,0.00140141,5
89600,0.948494,0.00421004,6
89600,0.943778,0.000782357,7
89600,0.948512,0.00423001,8
89600,0.948286,0.00399037,9
90100,0.947657,0.00332395,0
90100,0.945106,0.00062316,1
90100,0.945931,0.00149695,2
90100,0.940998,0.00372591,3
90100,0.945481,0.00102034,4
90100,0.947469,0.00312536,5
90100,0.941973,0.00269325,6
90100,0.950602,0.00644178,7
90100,0.94278,0.00183933,8
90100,0.94398,0.000568365,9
90600,0.945355,0.000887461,0
90600,0.948844,0.00458055,1
90600,0.947072,0.00270438,2
90600,0.945132,0.000650471,3
90600,0.940916,0.00381284,4
90600,0.950168,0.00598274,5
90600,0.943285,0.0013047,6
90600,0.942184,0.0024699,7
90600,0.940412,0.00434607,8
90600,0.947333,0.00298087,9
91100,0.94384,0.000717012,0
91100,0.942578,0.00205258,1
91100,0.941076,0.00364349,2
91100,0.941892,0.00277929,3
91100,0.945361,0.000893531,4
91100,0.946066,0.00163988,5
91100,0.946474,0.00207198,6
91100,0.946586,0.00218982,7
91100,0.945176,0.000697124,8
91100,0.946344,0.00193449,9
91600,0.948374,0.00408351,0
91600,0.94854,0.00425931,1
91600,0.94568,0.00123161,2
91600,0.943024,0.00158123,3
91600,0.946382,0.00197388,4
91600,0.945053,0.000567465,5
91600,0.944278,0.000252945,6
91600,0.944869,0.000372129,7
91600,0.942138,0.00251884,8
91600,0.942618,0.00201097,9
92100,0.940785,0.0039514,0
92100,0.946143,0.00172143,1
92100,0.941464,0.00323259,2
92100,0.947373,0.00302307,3
92100,0.944051,0.000493307,4
92100,0.945776,0.00133288,5
92100,0.945409,0.000944329,6
92100,0.942638,0.00198923,7
92100,0.943079,0.00152297,8
92100,0.940565,0.00418453,9
92600,0.943297,0.00129143,0
92600,0.9439,0.000653784,1
92600,0.939958,0.00482747,2
92600,0.944538,2.25078e-05,3
92600,0.945925,0.00149103,4
92600,0.946838,0.00245716,5
92600,0.942348,0.00229621,6
92600,0.9441,0.000441235,7
92600,0.943681,0.000885655,8
92600,0.949338,0.00510436,9
93100,0.942697,0.00192723,0
93100,0.942806,0.00181192,1
93100,0.943677,0.000889412,2
93100,0.944095,0.000447378,3
93100,0.951029,0.00689422,4
93100,0.948415,0.00412671,5
93100,0.937796,0.00711632,6
93100,0.942388,0.00225395,7
93100,0.94827,0.00397295,8
93100,0.94444,8.22203e-05,9
93600,0.940947,0.00377967,0
93600,0.944937,0.000445004,1
93600,0.946093,0.00166844,2
93600,0.947303,0.00294922,3
93600,0.941308,0.00339735,4
93600,0.948133,0.00382857,5
93600,0.948079,0.00377122,6
93600,0.947032,0.00266248,7
93600,0.949578,0.00535786,8
93600,0.947682,0.00335066,9
94100,0.944209,0.000326367,0
94100,0.945394,0.000928597,1
94100,0.940743,0.00399618,2
94100,0.948483,0.00419911,3
94100,0.94288,0.00173345,4
94100,0.949291,0.00505477,5
94100,0.944227,0.000307352,6
94100,0.947406,0.00305823,7
94100,0.948807,0.00454137,8
94100,0.945089,0.000605348,9
94600,0.950187,0.0060032,0
94600,0.948472,0.00418745,1
94600,0.944471,4.93086e-05,2
94600,0.941148,0.00356733,3
94600,0.946007,0.0015773,4
94600,0.944435,8.71368e-05,5
94600,0.94381,0.00074913,6
94600,0.944381,0.000143879,7
94600,0.942756,0.00186506,8
94600,0.937396,0.00753929,9
95100,0.948639,0.00436406,0
95100,0.944161,0.000377233,1
95100,0.947875,0.00355503,2
95100,0.945618,0.00116557,3
95100,0.944125,0.000414862,4
95100,0.945209,0.000732832,5
95100,0.947733,0.00340451,6
95100,0.944552,3.66899e-05,7
95100,0.942526,0.00210818,8
95100,0.947448,0.00310348,9
95600,0.945905,0.00146936,0
95600,0.944968,0.000477398,1
95600,0.945746,0.00130091,2
95600,0.944827,0.000327668,3
95600,0.943572,0.00100119,4
95600,0.943377,0.00120707,5
95600,0.94716,0.00279821,6
95600,0.948292,0.00399605,7
95600,0.943748,0.000814024,8
95600,0.94511,0.000627128,9
96100,0.945925,0.0014907,0
96100,0.941916,0.0027544,1
96100,0.944413,0.000110519,2
96100,0.945327,0.000857663,3
96100,0.943604,0.000966987,4
96100,0.950568,0.00640609,5
96100,0.944677,0.000168765,6
96100,0.943516,0.00106008,7
96100,0.94684,0.00245889,8
96100,0.947209,0.00284988,9
96600,0.940907,0.00382265,0
96600,0.944423,9.96287e-05,1
96600,0.945945,0.00151183,2
96600,0.944301,0.000229286,3
96600,0.940452,0.00430424,4
96600,0.94717,0.0028084,5
96600,0.941554,0.00313732,6
96600,0.949934,0.00573496,7
96600,0.947432,0.00308624,8
96600,0.9471,0.00273431,9
97100,0.942832,0.00178415,0
97100,0.943459,0.00112077,1
97100,0.942815,0.00180257,2
97100,0.944851,0.0003534,3
97100,0.946104,0.00168015,4
97100,0.944172,0.000365258,5
97100,0.940952,0.00377428,6
97100,0.94506,0.000574526,7
97100,0.942258,0.00239224,8
97100,0.941527,0.00316618,9
97600,0.947941,0.00362503,0
97600,0.939387,0.00543134,1
97600,0.945482,0.00102178,2
97600,0.937344,0.0075946,3
97600,0.941032,0.00368973,4
97600,0.944201,0.000334842,5
97600,0.942348,0.00229644,6
97600,0.942643,0.00198479,7
97600,0.948772,0.004505,8
97600,0.944876,0.000380135,9
98100,0.945384,0.000917296,0
98100,0.946038,0.00161039,1
98100,0.944746,0.000242443,2
98100,0.951034,0.00689978,3
98100,0.945005,0.000516032,4
98100,0.942472,0.00216514,5
98100,0.943334,0.00125318,6
98100,0.939716,0.00508343,7
98100,0.943282,0.0013079,8
98100,0.943471,0.00110726,9
98600,0.941018,0.00370468,0
98600,0.941824,0.00285178,1
98600,0.944052,0.000492697,2
98600,0.946811,0.00242894,3
98600,0.944926,0.00043279,4
98600,0.93963,0.00517457,5
98600,0.943349,0.00123672,6
98600,0.948183,0.00388068,7
98600,0.947257,0.00290075,8
98600,0.946777,0.00239264,9
99100,0.940602,0.00414537,0
99100,0.946247,0.00183092,1
99100,0.946758,0.00237257,2
99100,0.943603,0.000967644,3
99100,0.943382,0.00120236,4
99100,0.94744,0.00309478,5
99100,0.946127,0.00170453,6
99100,0.94258,0.00205096,7
99100,0.946792,0.00240868,8
99100,0.944439,8.29379e-05,9
99600,0.941038,0.0036834,0
99600,0.944669,0.000161025,1
99600,0.94265,0.00197676,2
99600,0.943974,0.000575523,3
99600,0.945314,0.00084368,4
99600,0.947333,0.00298147,5
99600,0.945263,0.000789786,6
99600,0.945619,0.00116704,7
99600,0.943821,0.000737205,8
99600,0.942497,0.00213844,9
